Year,data.incident,Value
2021,data.tot,387
2020,data.tot,329
2019,data.tot,324
2018,data.tot,448
2017,data.tot,311
2020,data.wahlk,3
2019,data.wahlk,14
2018,data.wahlk,0
2017,data.wahlk,18
2021,data.ableism,1
2020,data.ableism,2
2019,data.ableism,0
2018,data.ableism,0
2017,data.ableism,0
2021,data.sozch,0
2020,data.sozch,0
2019,data.sozch,3
2018,data.sozch,1
2017,data.sozch,1
2021,data.qhostility,16
2020,data.qhostility,8
2019,data.qhostility,11
2018,data.qhostility,7
2017,data.qhostility,7
2021,data.antisem,25
2020,data.antisem,13
2019,data.antisem,8
2018,data.antisem,18
2017,data.antisem,16
2021,data.rightwing,88
2020,data.rightwing,25
2019,data.rightwing,26
2018,data.rightwing,65
2017,data.rightwing,100
2021,data.polgeg,60
2020,data.polgeg,42
2019,data.polgeg,35
2018,data.polgeg,70
2017,data.polgeg,41
2021,data.trivil,78
2020,data.trivil,103
2019,data.trivil,57
2018,data.trivil,67
2017,data.trivil,46
2021,data.racism,119
2020,data.racism,133
2019,data.racism,170
2018,data.racism,220
2017,data.racism,82
